,Avg_expr,is_DE_limma,is_DA_dorothea,is_DA_chromVar,is_DA_MEFISTO,is_DE_and_DA,cluster,ID
ZNF653,0.004397,no,yes,no,no,no,EVT_1,EVT_1_ZNF653
KLF13,0.202324,no,yes,no,no,no,EVT_1,EVT_1_KLF13
PPARG,1.256679,yes,no,no,no,no,EVT_1,EVT_1_PPARG
SP140,0.006026,no,yes,no,no,no,EVT_1,EVT_1_SP140
ZNF93,0.149169,no,yes,no,no,no,EVT_1,EVT_1_ZNF93
TEAD1,1.053341,yes,no,no,no,no,EVT_1,EVT_1_TEAD1
ZBTB1,0.158445,no,yes,no,no,no,EVT_1,EVT_1_ZBTB1
SP110,0.216516,yes,no,no,no,no,EVT_1,EVT_1_SP110
HES4,0.14875,no,yes,no,no,no,EVT_1,EVT_1_HES4
XBP1,0.90037,yes,no,no,no,no,EVT_1,EVT_1_XBP1
SMARCE1,0.092984,no,yes,no,no,no,EVT_1,EVT_1_SMARCE1
TCF25,1.077977,yes,yes,no,no,yes,EVT_1,EVT_1_TCF25
EPAS1,1.313567,yes,no,no,no,no,EVT_1,EVT_1_EPAS1
ZNF202,0.01201,no,yes,no,no,no,EVT_1,EVT_1_ZNF202
FOXP1,0.270798,no,yes,no,no,no,EVT_1,EVT_1_FOXP1
HDX,0.001176,no,yes,no,no,no,EVT_1,EVT_1_HDX
SPIC,0.000356,no,yes,no,no,no,EVT_1,EVT_1_SPIC
BHLHE41,0.010773,no,yes,no,no,no,EVT_1,EVT_1_BHLHE41
FIZ1,0.015816,no,yes,no,no,no,EVT_1,EVT_1_FIZ1
GATAD2A,0.397392,no,yes,no,no,no,EVT_1,EVT_1_GATAD2A
NCOR2,0.337865,yes,no,no,no,no,EVT_1,EVT_1_NCOR2
ZNF263,0.048639,no,yes,no,no,no,EVT_1,EVT_1_ZNF263
CUX1,0.982738,yes,no,no,no,no,EVT_1,EVT_1_CUX1
ATF6,0.303584,no,yes,no,no,no,EVT_1,EVT_1_ATF6
LRRFIP1,1.182977,yes,no,no,no,no,EVT_1,EVT_1_LRRFIP1
NR3C1,0.289014,no,yes,no,no,no,EVT_1,EVT_1_NR3C1
PRRX1,0.006803,no,yes,no,no,no,EVT_1,EVT_1_PRRX1
NR6A1,0.781251,yes,no,no,no,no,EVT_1,EVT_1_NR6A1
ZNF540,0.017511,no,yes,no,no,no,EVT_1,EVT_1_ZNF540
TCF15,0.000433,no,yes,no,no,no,EVT_1,EVT_1_TCF15
TSC22D3,0.432815,yes,no,no,no,no,EVT_1,EVT_1_TSC22D3
SMARCA5,0.303824,no,yes,no,no,no,EVT_1,EVT_1_SMARCA5
ZNF383,0.043372,no,yes,no,no,no,EVT_1,EVT_1_ZNF383
OSR2,0.447515,yes,no,no,no,no,EVT_1,EVT_1_OSR2
ELF4,0.282727,yes,yes,no,no,yes,EVT_1,EVT_1_ELF4
HLX,0.003452,no,yes,no,no,no,EVT_1,EVT_1_HLX
ID3,1.407995,yes,no,no,no,no,EVT_1,EVT_1_ID3
GTF3A,0.523632,no,yes,no,no,no,EVT_1,EVT_1_GTF3A
ERF,0.013658,no,yes,no,no,no,EVT_1,EVT_1_ERF
DLX5,0.638618,yes,no,no,no,no,EVT_1,EVT_1_DLX5
ARID5A,0.036754,no,yes,no,no,no,EVT_1,EVT_1_ARID5A
FOXN2,0.391971,yes,yes,no,no,yes,EVT_1,EVT_1_FOXN2
ZNF277,0.165967,no,yes,no,no,no,EVT_1,EVT_1_ZNF277
BATF2,0.004477,no,yes,no,no,no,EVT_1,EVT_1_BATF2
IKZF4,0.01891,no,yes,no,no,no,EVT_1,EVT_1_IKZF4
ZNF281,0.142764,no,yes,no,no,no,EVT_1,EVT_1_ZNF281
TSC22D1,1.026929,no,yes,no,no,no,EVT_1,EVT_1_TSC22D1
TBPL1,0.325918,yes,yes,no,no,yes,EVT_1,EVT_1_TBPL1
ZHX3,0.114616,no,yes,no,no,no,EVT_1,EVT_1_ZHX3
SP100,0.413207,yes,yes,no,no,yes,EVT_1,EVT_1_SP100
DMRTB1,0.0,no,yes,no,no,no,EVT_1,EVT_1_DMRTB1
ZNF396,0.003175,no,yes,no,no,no,EVT_1,EVT_1_ZNF396
NCOA1,0.533182,yes,no,no,no,no,EVT_1,EVT_1_NCOA1
ZGPAT,0.001257,no,yes,no,no,no,EVT_1,EVT_1_ZGPAT
DLX4,0.285579,yes,no,no,no,no,EVT_1,EVT_1_DLX4
ZNF658,0.026318,no,yes,no,no,no,EVT_1,EVT_1_ZNF658
ASCL2,1.090333,yes,no,no,no,no,EVT_1,EVT_1_ASCL2
STAT1,0.339504,yes,no,no,no,no,EVT_1,EVT_1_STAT1
ZNF224,0.057083,no,yes,no,no,no,EVT_1,EVT_1_ZNF224
ZNF32,0.071519,no,yes,no,no,no,EVT_1,EVT_1_ZNF32
ZC3H8,0.105838,no,yes,no,no,no,EVT_1,EVT_1_ZC3H8
ZBTB7A,0.074238,no,yes,no,no,no,EVT_1,EVT_1_ZBTB7A
RFX8,0.004087,no,yes,no,no,no,EVT_1,EVT_1_RFX8
GATAD2B,0.21475,no,yes,no,no,no,EVT_1,EVT_1_GATAD2B
ZNF469,0.000129,no,yes,no,no,no,EVT_1,EVT_1_ZNF469
DNAJC1,0.567249,yes,yes,no,no,yes,EVT_1,EVT_1_DNAJC1
TOX2,0.002371,no,yes,no,no,no,EVT_1,EVT_1_TOX2
ARNT,0.351561,yes,no,no,no,no,EVT_1,EVT_1_ARNT
ZNF300,0.019872,no,yes,no,no,no,EVT_1,EVT_1_ZNF300
ZNF22,0.212014,no,yes,no,no,no,EVT_1,EVT_1_ZNF22
DMRT1,0.001362,no,yes,no,no,no,EVT_1,EVT_1_DMRT1
GZF1,0.017748,no,yes,no,no,no,EVT_1,EVT_1_GZF1
FOS,2.393012,yes,no,no,no,no,EVT_1,EVT_1_FOS
ZNF606,0.014303,no,yes,no,no,no,EVT_1,EVT_1_ZNF606
NFKBIE,0.022754,no,yes,no,no,no,EVT_1,EVT_1_NFKBIE
MXD1,0.042843,no,yes,no,no,no,EVT_1,EVT_1_MXD1
ZNF397,0.094729,no,yes,no,no,no,EVT_1,EVT_1_ZNF397
JARID2,0.497255,yes,no,no,no,no,EVT_1,EVT_1_JARID2
ZBTB18,0.013494,no,yes,yes,no,no,EVT_1,EVT_1_ZBTB18
ZNF649,0.04506,no,yes,no,no,no,EVT_1,EVT_1_ZNF649
ZNF432,0.182749,yes,no,no,no,no,EVT_1,EVT_1_ZNF432
PSPC1,0.772697,yes,no,no,no,no,EVT_1,EVT_1_PSPC1
HMG20B,0.722814,yes,no,no,no,no,EVT_1,EVT_1_HMG20B
ZNF174,0.014891,no,yes,no,no,no,EVT_1,EVT_1_ZNF174
ZBTB7B,0.067584,no,yes,no,no,no,EVT_1,EVT_1_ZBTB7B
SNAI1,0.314832,yes,no,no,no,no,EVT_1,EVT_1_SNAI1
FOXO1,0.21879,yes,no,no,no,no,EVT_1,EVT_1_FOXO1
PRRX2,0.002926,no,yes,no,no,no,EVT_1,EVT_1_PRRX2
MYCN,0.534124,yes,no,no,no,no,EVT_1,EVT_1_MYCN
ZBED6,0.001215,no,yes,no,no,no,EVT_1,EVT_1_ZBED6
MBD1,0.119137,no,yes,no,no,no,EVT_1,EVT_1_MBD1
PHTF1,0.067528,no,yes,no,no,no,EVT_1,EVT_1_PHTF1
GATA2,0.712491,yes,no,yes,no,yes,EVT_1,EVT_1_GATA2
SOX4,1.125674,yes,no,no,no,no,EVT_1,EVT_1_SOX4
PATZ1,0.009072,no,yes,no,no,no,EVT_1,EVT_1_PATZ1
FOXP4,0.018957,no,yes,no,no,no,EVT_1,EVT_1_FOXP4
GCM1,1.04193,yes,no,yes,no,yes,EVT_1,EVT_1_GCM1
ZNF304,0.004495,no,yes,no,no,no,EVT_1,EVT_1_ZNF304
TCF7L2,1.647389,yes,no,no,no,no,EVT_1,EVT_1_TCF7L2
RERE,0.624913,no,yes,no,no,no,EVT_1,EVT_1_RERE
CEBPB,0.859611,yes,no,no,no,no,EVT_1,EVT_1_CEBPB
TBX3,0.051109,no,yes,no,no,no,EVT_1,EVT_1_TBX3
HOXA6,not_enough_cells_expr_limma,no,yes,no,no,no,EVT_1,EVT_1_HOXA6
MXD3,0.025616,no,yes,no,no,no,EVT_1,EVT_1_MXD3
ZBTB4,0.012624,no,yes,no,no,no,EVT_1,EVT_1_ZBTB4
HES2,0.016492,no,yes,no,no,no,EVT_1,EVT_1_HES2
MTA1,0.049578,no,yes,no,no,no,EVT_1,EVT_1_MTA1
FOSL2,0.649686,yes,no,yes,no,yes,EVT_1,EVT_1_FOSL2
ZNF354C,0.022911,no,yes,no,no,no,EVT_1,EVT_1_ZNF354C
HEY1,0.290802,yes,no,no,no,no,EVT_1,EVT_1_HEY1
NR2C1,0.123551,no,yes,no,no,no,EVT_1,EVT_1_NR2C1
FOXN3,0.400632,no,yes,no,no,no,EVT_1,EVT_1_FOXN3
TFCP2L1,0.008302,no,yes,no,no,no,EVT_1,EVT_1_TFCP2L1
YBX3,0.201185,no,yes,no,no,no,EVT_1,EVT_1_YBX3
ZNF91,0.317027,no,yes,no,no,no,EVT_1,EVT_1_ZNF91
ARNTL2,0.042484,no,yes,no,no,no,EVT_1,EVT_1_ARNTL2
PAX6,0.003242,no,yes,no,no,no,EVT_1,EVT_1_PAX6
RCOR3,0.170913,no,yes,no,no,no,EVT_1,EVT_1_RCOR3
SMAD7,0.017226,no,yes,no,no,no,EVT_1,EVT_1_SMAD7
STAT2,0.300761,yes,yes,no,no,yes,EVT_1,EVT_1_STAT2
BATF3,0.182188,yes,no,no,no,no,EVT_1,EVT_1_BATF3
ID1,1.122655,yes,no,no,no,no,EVT_1,EVT_1_ID1
HIC2,0.266976,no,yes,no,no,no,EVT_1,EVT_1_HIC2
RFX3,0.180056,no,yes,no,no,no,EVT_1,EVT_1_RFX3
ZNF431,0.177688,no,yes,no,no,no,EVT_1,EVT_1_ZNF431
ZNF436,0.007461,no,yes,no,no,no,EVT_1,EVT_1_ZNF436
ZNF487,0.041968,no,yes,no,no,no,EVT_1,EVT_1_ZNF487
GATA3,1.769772,yes,no,yes,no,yes,EVT_1,EVT_1_GATA3
ARID3A,1.408253,yes,no,no,no,no,EVT_1,EVT_1_ARID3A
ZNF746,0.050966,no,yes,no,no,no,EVT_1,EVT_1_ZNF746
FEV,not_enough_cells_expr_limma,no,yes,no,no,no,EVT_1,EVT_1_FEV
ETV3,0.044505,no,yes,no,no,no,EVT_1,EVT_1_ETV3
ZHX1,0.027806,no,yes,no,no,no,EVT_1,EVT_1_ZHX1
THAP11,0.067477,no,yes,no,no,no,EVT_1,EVT_1_THAP11
FOXJ3,0.698373,yes,no,no,no,no,EVT_1,EVT_1_FOXJ3
